{"amps": [0.5208273966030047, 0.33817563562664166, 0.3139052755132167, 0.34491401748922323, 0.3301761323419167, 0.3301761323419167, 0.2747877363848817, 0.2514213286821753, 0.22218866594798908, 0.3650381705075177, 0.34268430869479366, 0.31138758345589923, 0.5121674755776481, 0.47321768227525984, 0.409936901843978, 0.3436905702087029, 0.32720830216078467, 0.2922629494282886], "freqs": [3.19153868323524, 3.19670789668651, 3.1974806886663103, 3.1961584974400283, 3.1971620224306774, 3.1971620224306774, 3.1983065342458987, 3.1988535958456557, 3.1990127508254407, 3.1958632775730806, 3.1967137450464134, 3.1975869470308536, 3.1911504016156593, 3.1929006787233534, 3.1942834804955056, 3.196511977126699, 3.19719256052193, 3.1978354229045256]}